AAAAA	70.594758	1.150733	1.371321	0.326985	1831.604881
AAAAC	68.997829	0.956695	1.433319	0.349409	1783.897624
AAAAG	70.319939	0.980969	1.334328	0.313844	1083.635736
AAAAT	70.38692	0.873356	1.449875	0.35548	1564.009046
AAACA	63.536106	1.251631	1.496204	0.372654	1443.682188
AAACC	62.944828	1.591772	1.597234	0.411029	1286.968692
AAACG	63.342906	1.244621	1.484404	0.368254	1600.976679
AAACT	63.744196	1.126001	1.408018	0.340198	971.312194
AAAGA	70.835715	1.381831	1.409948	0.340898	1251.826798
AAAGC	70.466366	1.003984	1.452941	0.356608	1224.916609
AAAGG	70.300539	1.203255	1.410265	0.341013	885.641371
AAAGT	71.224372	0.892956	1.434051	0.349677	820.660505
AAATA	67.977506	1.187381	1.555015	0.39484	1279.660865
AAATC	67.379632	1.500566	1.636342	0.426217	1525.988228
AAATG	67.762459	1.288197	1.556646	0.395461	1286.766069
AAATT	68.541863	1.392066	1.610975	0.416344	1339.977083
AACAA	66.696879	2.113301	1.418336	0.343945	1378.247062
AACAC	66.005023	1.417573	1.362354	0.323783	804.782817
AACAG	66.05377	2.206893	1.462176	0.360014	1529.516811
AACAT	66.94465	1.91098	1.457438	0.358265	1079.51236
AACCA	62.230643	1.221431	1.337593	0.314996	1225.469654
AACCC	61.591527	1.164271	1.38843	0.333124	832.845151
AACCG	61.939875	1.186129	1.381535	0.330645	1367.576572
AACCT	62.183583	1.241577	1.33784	0.315084	813.278152
AACGA	66.414625	2.125176	1.418275	0.343922	1047.809366
AACGC	65.890685	1.433385	1.394809	0.335422	1774.440476
AACGG	65.546092	2.081467	1.433611	0.349515	1333.629341
AACGT	66.065614	1.90125	1.462925	0.36029	1220.169555
AACTA	64.497374	1.28176	1.347108	0.318364	392.592625
AACTC	64.114302	1.326959	1.347608	0.318541	682.708528
AACTG	63.943929	1.567754	1.349298	0.31914	1539.749177
AACTT	64.491733	1.561939	1.369388	0.326294	793.410866
AAGAA	69.749914	1.073925	1.44086	0.35217	1139.356081
AAGAC	68.799593	1.051208	1.451437	0.356055	570.68184
AAGAG	69.218864	1.116948	1.489992	0.370335	819.206994
AAGAT	69.867667	0.93498	1.449398	0.355305	1035.493119
AAGCA	64.230257	1.199218	1.606558	0.414633	1100.462109
AAGCC	63.53538	1.259523	1.58456	0.406146	1310.425764
AAGCG	64.081093	1.259839	1.636717	0.426363	1671.587505
AAGCT	64.456538	1.155701	1.539964	0.389122	769.545262
AAGGA	69.133734	0.996536	1.490201	0.370413	521.913426
AAGGC	68.407391	1.088334	1.489204	0.370042	985.570156
AAGGG	68.507004	1.016397	1.382842	0.331115	595.033734
AAGGT	69.81996	1.045565	1.469518	0.362729	812.311013
AAGTA	67.008202	1.209434	1.643828	0.429145	527.597451
AAGTC	66.248474	1.541701	1.750739	0.471684	638.593863
AAGTG	66.849373	1.279446	1.684321	0.445099	955.433064
AAGTT	67.460321	1.408557	1.723569	0.460747	794.81169
AATAA	61.492682	1.28356	1.473598	0.36424	1618.462898
AATAC	60.270714	1.297442	1.530916	0.385697	1099.167515
AATAG	61.283991	1.349128	1.442317	0.352704	633.300804
AATAT	61.080527	1.245926	1.505212	0.376024	1551.952824
AATCA	56.301981	1.681223	1.744804	0.469288	1744.681224
AATCC	55.383208	1.758136	1.741648	0.468015	1189.691194
AATCG	56.343807	1.684881	1.793851	0.489214	1208.891748
AATCT	56.002361	1.677071	1.697847	0.450471	1004.183825
AATGA	60.683189	1.596469	1.489806	0.370266	1067.598522
AATGC	59.680077	1.797129	1.766324	0.477997	1548.670056
AATGG	59.750344	1.46587	1.484051	0.368123	1220.926459
AATGT	59.874657	1.78858	1.565257	0.398748	748.179229
AATTA	57.551223	2.001616	1.847281	0.511233	938.154312
AATTC	55.913699	2.48755	2.009156	0.579883	1024.991774
AATTG	57.0942	1.930235	1.858478	0.515888	960.412164
AATTT	57.027018	2.180004	2.022099	0.585495	1518.185567
ACAAA	73.329901	1.022393	1.473311	0.364134	1152.05454
ACAAC	71.446698	0.960484	1.524149	0.383143	908.893695
ACAAG	72.859345	0.878825	1.408484	0.340367	458.08558
ACAAT	72.814237	1.142541	1.578982	0.404004	957.015489
ACACA	69.459313	0.791613	1.332184	0.313088	416.364497
ACACC	68.406258	0.763955	1.323782	0.31013	875.84843
ACACG	69.170381	0.860494	1.405204	0.339179	492.477466
ACACT	69.778506	0.827607	1.363702	0.324264	382.35465
ACAGA	74.721251	1.37469	1.415705	0.342988	803.747409
ACAGC	73.919492	1.266856	1.401	0.337658	1439.661363
ACAGG	74.334083	1.305191	1.376609	0.328878	955.00749
ACAGT	74.759969	1.394989	1.686517	0.44597	777.197081
ACATA	72.795636	1.149813	1.348311	0.31879	539.737805
ACATC	72.334558	1.027619	1.457073	0.358131	995.672331
ACATG	72.598918	1.104904	1.371057	0.326891	605.664806
ACATT	73.41094	1.126869	1.506601	0.376545	837.673115
ACCAA	70.581314	2.601709	1.45282	0.356564	999.122246
ACCAC	70.608263	2.279085	1.371549	0.327067	1143.086298
ACCAG	70.619294	2.402906	1.446057	0.354077	1867.4387
ACCAT	70.714032	2.513205	1.482033	0.367372	1304.340343
ACCCA	67.977569	1.751238	1.294656	0.299952	754.647484
ACCCC	67.183523	1.406326	1.243533	0.282361	367.271342
ACCCG	67.411413	1.627863	1.297153	0.30082	1023.308922
ACCCT	67.862962	1.667995	1.383878	0.331487	521.269146
ACCGA	70.524533	2.393521	1.44332	0.353072	1162.145812
ACCGC	70.419186	2.523379	1.353605	0.32067	1656.785266
ACCGG	70.083331	2.225159	1.422881	0.345599	1680.789969
ACCGT	70.757809	2.363677	1.572477	0.40151	1266.182783
ACCTA	69.886063	1.94778	1.290659	0.298563	231.907632
ACCTC	69.163708	1.729544	1.467257	0.361892	474.606545
ACCTG	69.246095	1.80031	1.455811	0.357665	1417.640334
ACCTT	69.563493	1.805881	1.424878	0.346327	952.977318
ACGAA	73.234693	1.604871	1.362058	0.323678	887.866952
ACGAC	72.412009	1.21684	1.33229	0.313125	888.38126
ACGAG	73.11154	1.589857	1.386017	0.332256	447.413425
ACGAT	73.639481	1.517717	1.533507	0.386677	1074.034351
ACGCA	69.004723	0.994396	1.306849	0.304199	1023.722601
ACGCC	68.302074	1.044367	1.29607	0.300443	1576.670171
ACGCG	68.838946	1.043915	1.327227	0.311342	1233.766564
ACGCT	69.347096	1.030404	1.354361	0.320938	1228.739027
ACGGA	72.269477	1.662402	1.465181	0.361124	673.090385
ACGGC	71.610725	1.376069	1.448275	0.354892	1467.981494
ACGGG	72.027052	1.50515	1.400211	0.337372	714.928694
ACGGT	72.551742	1.501322	1.456308	0.357848	1293.688204
ACGTA	70.486739	1.134476	1.530925	0.385701	469.756918
ACGTC	69.089944	1.579394	1.732809	0.464457	751.592547
ACGTG	70.257667	1.155615	1.488155	0.369651	507.397443
ACGTT	70.581725	1.305078	1.680287	0.443501	992.219868
ACTAA	66.82437	1.110722	1.265199	0.289773	385.380409
ACTAC	65.689409	1.188392	1.296972	0.300757	495.996231
ACTAG	66.539424	0.894277	1.203089	0.268699	50.015896
ACTAT	66.351458	1.169009	1.408066	0.340216	485.88596
ACTCA	62.289036	1.07104	1.359282	0.322689	728.731442
ACTCC	61.19475	1.068352	1.327282	0.311361	477.798193
ACTCG	62.078316	1.144225	1.357504	0.322056	465.968196
ACTCT	62.009383	1.018878	1.456927	0.358077	516.390293
ACTGA	65.279309	1.200535	1.359101	0.322624	1026.415321
ACTGC	63.51929	1.590378	1.63912	0.427303	1187.607696
ACTGG	64.688778	1.260149	1.316395	0.307538	1505.112078
ACTGT	64.418931	1.407345	1.395385	0.33563	686.249409
ACTTA	61.949163	1.792212	1.553274	0.394177	519.994416
ACTTC	59.966604	2.12614	1.862822	0.517698	1045.221282
ACTTG	61.615551	1.717633	1.536869	0.387949	427.499985
ACTTT	61.164969	1.934739	1.735605	0.465582	1052.821231
AGAAA	80.373154	2.062198	2.016082	0.582884	1505.364708
AGAAC	78.337782	1.833613	1.86929	0.520397	1045.146829
AGAAG	80.023649	1.981521	1.899895	0.533229	965.117411
AGAAT	80.319616	2.069074	1.990727	0.571922	939.513374
AGACA	69.52153	2.093378	1.526797	0.384142	506.186841
AGACC	66.930886	2.057039	1.553348	0.394205	511.168689
AGACG	69.043921	2.281511	1.500524	0.374269	703.065654
AGACT	69.601559	1.853647	1.684315	0.445097	338.513668
AGAGA	79.359723	2.047276	1.967187	0.561808	767.939032
AGAGC	77.54978	1.97408	1.89752	0.532229	687.840017
AGAGG	78.382634	2.131927	1.914123	0.53923	510.119497
AGAGT	79.284393	1.988545	2.055711	0.600154	580.091471
AGATA	74.435275	2.061314	1.926611	0.544516	790.032148
AGATC	74.098237	2.23424	2.114775	0.626204	820.234319
AGATG	74.163897	2.030882	1.893018	0.530337	981.792906
AGATT	75.5064	2.170314	2.105726	0.622189	947.981561
AGCAA	74.773909	2.531029	1.826963	0.502822	1387.37868
AGCAC	74.654677	1.897767	1.753173	0.472669	1024.818371
AGCAG	73.982458	2.431766	1.802758	0.492862	1550.15108
AGCAT	75.112714	2.243624	1.826804	0.502756	1033.551157
AGCCA	69.6955	1.47293	1.537011	0.388003	1427.277678
AGCCC	68.347732	1.42291	1.5565	0.395406	631.605997
AGCCG	69.285118	1.537422	1.556754	0.395503	1280.911554
AGCCT	69.243447	1.303951	1.575886	0.402816	703.273716
AGCGA	74.112125	2.607028	1.821554	0.50059	1164.186793
AGCGC	74.160704	1.934492	1.758863	0.474971	1869.048059
AGCGG	73.416696	2.301397	1.888909	0.528611	1466.712527
AGCGT	74.194861	2.001359	1.85966	0.516381	1460.259594
AGCTA	72.734169	1.657572	1.789077	0.487263	410.894673
AGCTC	71.894552	1.620342	1.762971	0.476636	593.375653
AGCTG	71.948278	1.750245	1.666263	0.437961	1420.247111
AGCTT	72.599445	1.789827	1.852834	0.51354	834.434745
AGGAA	73.91222	2.010159	1.732792	0.46445	751.259928
AGGAC	73.626007	2.474963	1.755989	0.473808	378.573707
AGGAG	72.985891	1.840877	1.670868	0.439777	415.061269
AGGAT	73.485554	1.733069	1.785658	0.485867	627.535527
AGGCA	65.766689	1.565757	1.635455	0.42587	903.524115
AGGCC	64.663441	1.627008	1.607666	0.415062	823.162231
AGGCG	65.537843	1.672763	1.69438	0.449092	1365.393124
AGGCT	66.230314	1.635714	1.648331	0.43091	717.302409
AGGGA	72.572457	2.757286	1.626678	0.422447	472.612937
AGGGC	70.224845	1.669435	1.818507	0.499335	730.048458
AGGGG	73.884691	2.757286	1.76867	0.478949	437.792148
AGGGT	75.061896	1.903141	2.025898	0.587146	546.434995
AGGTA	68.533228	2.757286	1.748916	0.470948	712.822273
AGGTC	68.452156	2.489286	1.966608	0.56156	555.989501
AGGTG	68.55276	2.757286	1.798246	0.491013	931.414054
AGGTT	70.4809	2.415378	1.891312	0.52962	837.945098
AGTAA	58.537079	2.596579	1.741848	0.468096	864.075732
AGTAC	57.117216	2.475102	1.823559	0.501417	625.686654
AGTAG	58.457564	2.669052	1.756004	0.473814	399.182093
AGTAT	58.521883	2.379164	1.796857	0.490444	587.48207
AGTCA	52.024647	2.477635	2.035285	0.591231	758.556103
AGTCC	50.636876	2.329961	1.885786	0.5273	427.544551
AGTCG	51.872822	2.414217	1.917975	0.540859	726.75281
AGTCT	51.472179	2.418277	1.946242	0.55286	447.803851
AGTGA	57.677309	2.617246	1.750294	0.471505	814.176458
AGTGC	57.173019	2.579932	1.853664	0.513885	822.410613
AGTGG	56.80551	2.567202	1.734575	0.465167	842.696015
AGTGT	56.824442	2.647939	1.721189	0.459793	426.405925
AGTTA	53.403276	2.757286	1.880823	0.52522	598.392157
AGTTC	52.17905	2.757286	2.055251	0.599952	909.288161
AGTTG	52.875851	2.757286	1.90206	0.534141	737.776994
AGTTT	53.843418	2.373961	2.059944	0.602009	907.289464
ATAAA	68.147063	1.767608	1.466713	0.361691	1562.354528
ATAAC	67.90335	1.062721	1.363674	0.324254	1188.282036
ATAAG	68.105286	1.814755	1.457484	0.358282	796.311206
ATAAT	68.592225	1.637168	1.454455	0.357166	1155.123962
ATACA	63.62765	1.059071	1.324836	0.310501	570.957629
ATACC	63.001649	0.925789	1.299609	0.301674	968.973272
ATACG	63.381252	1.051358	1.336771	0.314706	697.749127
ATACT	63.748238	1.074022	1.297302	0.300872	517.283327
ATAGA	67.971596	1.790619	1.507671	0.376946	381.608462
ATAGC	68.273471	1.211842	1.400713	0.337554	805.459929
ATAGG	68.156955	1.676181	1.452633	0.356495	260.495203
ATAGT	68.561495	1.839576	1.531973	0.386097	428.178587
ATATA	66.021317	1.335081	1.348547	0.318874	497.671847
ATATC	65.515007	1.027258	1.365136	0.324776	1247.348964
ATATG	65.877889	1.146282	1.400615	0.337519	803.558064
ATATT	66.394549	1.184814	1.425368	0.346506	1379.533166
ATCAA	64.206972	2.583267	1.686377	0.445914	1815.883575
ATCAC	63.396925	2.031096	1.645433	0.429774	1399.071182
ATCAG	63.698288	2.74197	1.73633	0.465873	1940.367264
ATCAT	64.309615	2.665285	1.666388	0.43801	1463.739169
ATCCA	60.556913	2.201121	1.554039	0.394469	1212.432284
ATCCC	59.807371	1.886614	1.446465	0.354227	883.815057
ATCCG	60.378311	2.086263	1.570658	0.400813	1369.718626
ATCCT	60.325039	2.135206	1.470262	0.363004	837.513859
ATCGA	63.65344	2.65487	1.656989	0.434309	1354.983823
ATCGC	63.39159	2.098435	1.578616	0.403863	2081.634956
ATCGG	63.394222	2.757286	1.65097	0.431945	1379.029132
ATCGT	63.416699	2.49777	1.690174	0.447421	1150.701401
ATCTA	61.829848	1.777145	1.46297	0.360307	337.666138
ATCTC	61.310148	2.054666	1.445337	0.353813	835.577838
ATCTG	61.438539	2.09739	1.513853	0.379267	1570.351524
ATCTT	62.175041	2.131887	1.53138	0.385873	1046.101141
ATGAA	61.483169	1.247385	1.53857	0.388594	1318.128926
ATGAC	59.881853	0.638537	1.36798	0.325791	1153.579428
ATGAG	60.972058	1.08727	1.472951	0.364	678.174945
ATGAT	61.076502	0.864543	1.414626	0.342596	1237.906732
ATGCA	56.15888	0.749801	1.542624	0.39013	1020.059756
ATGCC	55.363752	0.69798	1.436814	0.350688	1519.068767
ATGCG	56.039057	0.766641	1.52398	0.383079	1396.993806
ATGCT	56.305752	0.69789	1.53698	0.387991	999.529885
ATGGA	61.16896	1.199	1.452539	0.35646	787.960576
ATGGC	61.084491	0.742877	1.343535	0.317097	1356.69433
ATGGG	60.97246	1.089196	1.397131	0.33626	685.849015
ATGGT	61.713779	0.945222	1.378435	0.329533	1147.801075
ATGTA	59.371863	0.73916	1.349366	0.319164	544.677756
ATGTC	58.606542	0.651587	1.412794	0.341931	726.773972
ATGTG	59.18169	0.745945	1.352652	0.320331	644.972701
ATGTT	59.753273	0.700866	1.384743	0.331798	1043.19291
ATTAA	54.92296	0.909153	1.422809	0.345573	1420.845632
ATTAC	54.303876	0.593171	1.345503	0.317795	1116.077014
ATTAG	54.670588	0.856495	1.427062	0.347123	371.786666
ATTAT	54.7442	0.607952	1.291529	0.298865	1137.335792
ATTCA	49.625646	0.801761	1.469097	0.362573	1295.460434
ATTCC	48.695558	0.746748	1.472483	0.363827	904.774385
ATTCG	49.545135	0.801086	1.473139	0.36407	945.957932
ATTCT	49.353223	0.81315	1.451985	0.356257	941.791374
ATTGA	54.138246	0.790375	1.301667	0.302391	1256.616432
ATTGC	53.667579	0.650929	1.356768	0.321794	1405.132901
ATTGG	53.746911	0.664151	1.28311	0.295948	825.869939
ATTGT	53.882375	0.544243	1.253594	0.285795	900.323693
ATTTA	50.542356	0.853382	1.280413	0.295015	1174.546325
ATTTC	49.246674	1.002472	1.403679	0.338627	1129.119259
ATTTG	50.311706	0.833122	1.267886	0.290697	1119.097625
ATTTT	50.213254	1.039106	1.326011	0.310914	1301.501884
CAAAA	71.385468	1.077295	1.502423	0.37498	1315.119766
CAAAC	68.38182	0.93379	1.538658	0.388627	1372.353509
CAAAG	70.478933	0.879368	1.46026	0.359306	970.760347
CAAAT	70.402491	0.805418	1.529753	0.385258	1009.506718
CAACA	64.522868	0.863268	1.500799	0.374372	1268.525007
CAACC	63.543083	0.993352	1.505272	0.376047	1044.007578
CAACG	64.240048	0.820381	1.501788	0.374742	1344.143666
CAACT	64.775222	0.95438	1.473437	0.364181	764.955077
CAAGA	72.458631	1.224815	1.496637	0.372816	456.115854
CAAGC	70.878678	0.893975	1.587582	0.407309	580.03057
CAAGG	71.744732	0.90923	1.462719	0.360214	467.07933
CAAGT	72.181338	1.046662	1.57654	0.403067	318.492814
CAATA	69.001105	1.076526	1.599466	0.411891	1286.363672
CAATC	68.072477	1.518249	1.745558	0.469592	1191.586998
CAATG	68.82809	1.13212	1.60906	0.415602	1313.443819
CAATT	69.423086	1.227576	1.73682	0.466071	871.655774
CACAA	72.757146	1.954098	1.529732	0.38525	792.193544
CACAC	72.102317	1.396851	1.473085	0.36405	534.7251
CACAG	72.509936	2.248988	1.526013	0.383846	725.29799
CACAT	72.463757	1.932107	1.510833	0.378133	681.059592
CACCA	70.111008	2.757286	1.441806	0.352517	1750.152961
CACCC	68.108009	2.060841	1.369756	0.326426	713.63856
CACCG	69.236398	2.757286	1.456999	0.358103	1564.968124
CACCT	69.098836	2.353378	1.384968	0.331878	860.221376
CACGA	72.18669	2.193457	1.481087	0.36702	690.842853
CACGC	71.529175	1.620863	1.487429	0.36938	1440.710272
CACGG	71.838265	1.894575	1.559965	0.396727	925.658481
CACGT	71.450285	1.978068	1.59373	0.409677	625.074945
CACTA	70.186508	1.354102	1.421411	0.345064	430.421669
CACTC	69.380959	1.136241	1.424408	0.346155	396.065952
CACTG	69.726295	1.346139	1.58979	0.408159	1091.089757
CACTT	70.026493	1.230448	1.523836	0.383025	702.15896
CAGAA	71.612846	1.177061	1.529579	0.385192	1611.632383
CAGAC	68.851943	1.703813	1.653224	0.43283	962.982124
CAGAG	70.88169	1.239233	1.596846	0.410879	815.777607
CAGAT	70.857336	1.211409	1.706875	0.454069	1426.316718
CAGCA	65.728315	1.309225	1.667737	0.438541	2890.803031
CAGCC	64.536153	1.420857	1.707302	0.45424	1949.694836
CAGCG	65.642196	1.337341	1.664338	0.437202	2989.155034
CAGCT	65.955118	1.222718	1.634144	0.425358	1390.408938
CAGGA	71.072731	1.07469	1.48999	0.370335	1287.854973
CAGGC	70.064913	1.455224	1.63493	0.425665	1860.517713
CAGGG	70.801894	1.055094	1.515822	0.380007	1025.584649
CAGGT	71.170058	1.230304	1.575297	0.40259	1296.677619
CAGTA	68.444538	2.223071	1.905073	0.535411	1120.007074
CAGTC	66.918211	2.757286	2.273924	0.698206	859.83775
CAGTG	68.37886	2.103122	1.939874	0.550149	1341.484208
CAGTT	68.432499	2.58785	2.15088	0.642309	1754.314322
CATAA	65.971938	1.335128	1.47213	0.363696	925.47134
CATAC	64.773422	1.667941	1.675276	0.441519	584.944716
CATAG	65.691414	1.355279	1.464038	0.360702	397.159479
CATAT	65.50498	1.511609	1.597995	0.411323	730.397436
CATCA	60.486359	1.74815	1.805075	0.493813	2091.973599
CATCC	59.56632	2.111484	1.784614	0.48544	1223.616327
CATCG	60.514539	1.848765	1.763364	0.476796	1687.447838
CATCT	60.478739	2.031206	1.739455	0.467132	967.446812
CATGA	64.886448	1.989344	1.787976	0.486813	1072.604247
CATGC	63.17548	2.453884	1.990404	0.571783	1045.05708
CATGG	64.298679	1.977112	1.667516	0.438454	818.465256
CATGT	63.56756	2.135448	1.777961	0.482729	631.169497
CATTA	60.539673	2.757286	2.21856	0.672863	1300.722871
CATTC	58.414144	2.757286	2.540752	0.824637	1119.614924
CATTG	60.385764	2.757286	2.196876	0.663022	1401.458881
CATTT	59.912497	2.757286	2.301099	0.710759	1455.496627
CCAAA	74.081679	0.863191	1.579746	0.404297	785.211912
CCAAC	71.541519	1.458879	1.642115	0.428474	966.831236
CCAAG	73.498173	0.930128	1.490458	0.370509	219.075225
CCAAT	73.707183	0.966473	1.536781	0.387916	687.233181
CCACA	70.119822	0.759144	1.542054	0.389914	776.947635
CCACC	68.825587	0.870633	1.434025	0.349667	1244.487326
CCACG	69.826789	0.744886	1.453977	0.35699	995.395041
CCACT	70.404639	0.956533	1.42208	0.345307	731.22858
CCAGA	76.420146	1.0317	1.432306	0.349038	1735.777502
CCAGC	75.063204	1.006296	1.474254	0.364484	2870.315322
CCAGG	75.827771	0.995579	1.376587	0.328871	1391.612679
CCAGT	76.283222	1.03585	1.512773	0.378861	1707.981907
CCATA	74.199506	0.871675	1.611913	0.416708	696.962771
CCATC	73.232489	1.306399	1.577308	0.403361	1461.726677
CCATG	74.057285	0.917611	1.478612	0.366101	795.8371
CCATT	74.554829	1.086903	1.629251	0.423449	1126.942572
CCCAA	75.192563	1.537823	1.445052	0.353708	469.589311
CCCAC	73.904883	1.273404	1.348323	0.318794	770.380684
CCCAG	74.449484	2.047822	1.486128	0.368896	1074.522394
CCCAT	74.745439	1.977246	1.487752	0.369501	673.092972
CCCCA	71.624183	1.27783	1.265706	0.289947	626.721993
CCCCC	70.391625	1.405074	1.454413	0.357151	350.635549
CCCCG	71.269771	1.24766	1.276758	0.293753	624.745995
CCCCT	71.518173	1.533983	1.290755	0.298597	418.750087
CCCGA	74.696212	2.306805	1.436925	0.350728	626.747669
CCCGC	74.060283	1.446917	1.350587	0.319598	1429.800953
CCCGG	74.200246	1.936375	1.434799	0.34995	1095.806418
CCCGT	74.596642	1.589503	1.559452	0.396532	825.017053
CCCTA	73.417303	1.183893	1.264715	0.289607	200.633184
CCCTC	72.615848	1.143122	1.344152	0.317316	347.340219
CCCTG	72.807337	1.27084	1.384432	0.331686	1022.917928
CCCTT	73.18499	1.287957	1.458835	0.35878	559.374614
CCGAA	75.675261	1.136814	1.46796	0.362152	898.166408
CCGAC	74.26631	0.890275	1.496358	0.372711	880.724425
CCGAG	75.408775	1.044574	1.511855	0.378516	518.519533
CCGAT	75.575578	0.972459	1.43409	0.349691	1150.275673
CCGCA	70.711669	0.850053	1.344949	0.317598	1463.182087
CCGCC	69.82048	0.85641	1.349374	0.319167	1764.531758
CCGCG	70.67802	0.870285	1.352299	0.320205	1431.331582
CCGCT	70.997346	0.906716	1.34722	0.318403	1519.004513
CCGGA	74.772347	1.173057	1.39193	0.334384	1382.404377
CCGGC	74.03171	1.032546	1.534942	0.38722	1580.930833
CCGGG	74.425351	1.021397	1.457799	0.358398	1047.89562
CCGGT	74.863486	1.076914	1.578123	0.403674	1461.4303
CCGTA	71.351257	2.204967	1.849602	0.512197	767.191344
CCGTC	69.59783	2.757286	2.435769	0.774058	983.821088
CCGTG	71.159862	2.2585	1.951824	0.55524	934.178094
CCGTT	71.344096	2.620451	2.158402	0.645681	1279.686445
CCTAA	69.158482	0.940591	1.258885	0.287606	246.935649
CCTAC	67.840143	1.069472	1.337318	0.314899	300.28247
CCTAG	69.41983	1.045146	1.402592	0.338233	19.677055
CCTAT	68.951812	0.994027	1.308339	0.304719	263.876288
CCTCA	64.592525	0.941283	1.402277	0.338119	480.54326
CCTCC	63.618947	1.090371	1.419661	0.344427	311.048027
CCTCG	64.482136	0.947331	1.38397	0.33152	563.073991
CCTCT	64.232285	0.982309	1.394934	0.335467	460.720127
CCTGA	66.990245	1.628279	1.598579	0.411548	1555.800176
CCTGC	64.750728	2.290144	1.894037	0.530765	2016.702452
CCTGG	66.410481	1.662414	1.511761	0.378481	1398.373374
CCTGT	65.95747	1.726666	1.622882	0.420969	982.622572
CCTTA	63.330144	2.159296	1.897046	0.53203	509.45499
CCTTC	61.081707	2.757286	2.281218	0.701568	1211.696554
CCTTG	63.290064	2.313152	1.871353	0.521258	569.265806
CCTTT	62.350904	2.725501	2.156037	0.64462	1143.211372
CGAAA	79.240928	1.48028	1.742096	0.468196	1278.14408
CGAAC	76.615975	1.24466	1.633259	0.425013	957.44457
CGAAG	78.864024	1.556158	1.740777	0.467664	1072.932279
CGAAT	79.11289	1.415664	1.82943	0.503841	860.443297
CGACA	69.177076	1.230029	1.458149	0.358527	930.068091
CGACC	68.097759	1.349438	1.611774	0.416654	1047.639594
CGACG	69.112701	1.382252	1.448359	0.354923	1139.133664
CGACT	69.516832	1.097162	1.585821	0.406631	599.782861
CGAGA	78.388447	1.678713	1.758292	0.47474	576.113649
CGAGC	76.092061	1.472722	1.713792	0.456832	772.587838
CGAGG	77.61299	1.469403	1.71052	0.455525	488.880078
CGAGT	78.040434	1.358344	1.858408	0.515859	451.403512
CGATA	72.758537	1.83551	1.833999	0.505729	1399.23929
CGATC	71.36138	2.611334	2.181306	0.655986	1265.870593
CGATG	72.729317	1.843716	1.877088	0.523656	1703.115258
CGATT	73.670558	2.174588	2.046272	0.596025	1224.537279
CGCAA	77.373354	2.088428	1.764968	0.477446	1423.407456
CGCAC	75.999671	1.845698	1.639765	0.427555	1134.225958
CGCAG	76.191762	2.557097	1.731478	0.463922	1899.454689
CGCAT	77.282408	2.067843	1.802004	0.492553	1462.57001
CGCCA	71.287565	1.918383	1.492853	0.371403	2760.947476
CGCCC	71.191418	1.444442	1.420074	0.344577	1214.153528
CGCCG	71.113784	1.708524	1.361564	0.323502	2105.613029
CGCCT	71.562673	1.918167	1.450162	0.355586	1262.692146
CGCGA	76.566048	2.554954	1.710667	0.455583	1395.995694
CGCGC	75.755033	1.794797	1.633889	0.425259	2461.962494
CGCGG	75.627289	2.198993	1.702676	0.452395	1476.987106
CGCGT	76.175149	1.852915	1.78872	0.487117	1437.118995
CGCTA	74.418982	1.557671	1.593524	0.409598	911.867884
CGCTC	73.684325	1.467661	1.620924	0.420207	931.937242
CGCTG	73.940678	1.49626	1.604559	0.41386	2923.407676
CGCTT	74.459986	1.592121	1.740331	0.467485	1556.212094
CGGAA	69.292434	1.629534	1.764714	0.477343	1437.895658
CGGAC	65.814097	1.939169	1.898961	0.532836	650.280973
CGGAG	68.444401	1.669966	1.801888	0.492505	694.627969
CGGAT	68.583176	1.818064	1.929356	0.54568	1441.63414
CGGCA	62.149557	1.5191	1.952813	0.555662	2629.417237
CGGCC	61.142429	1.708311	1.995763	0.574094	826.670308
CGGCG	62.062981	1.590694	1.91251	0.538549	2739.060374
CGGCT	62.60546	1.483104	1.924398	0.543578	1375.177971
CGGGA	67.32999	2.023772	1.975438	0.565346	1074.961853
CGGGC	63.984785	2.757286	2.258051	0.690908	1298.233173
CGGGG	66.353484	2.109473	1.938482	0.549556	689.805476
CGGGT	66.361681	2.093312	2.100127	0.619709	1018.94066
CGGTA	64.484814	2.757286	2.359537	0.738006	1553.561771
CGGTC	63.106566	2.757286	2.720778	0.913817	976.393689
CGGTG	64.547206	2.757286	2.317895	0.718555	1843.365648
CGGTT	64.747906	2.757286	2.60777	0.857479	1369.314613
CGTAA	54.371636	2.328143	2.152042	0.642829	1193.026876
CGTAC	53.369487	2.447288	2.130545	0.633221	878.976436
CGTAG	54.208587	2.333555	2.16347	0.647957	662.50896
CGTAT	53.967409	2.322809	2.132591	0.634134	793.832405
CGTCA	47.744658	2.332002	2.312679	0.716131	1602.712724
CGTCC	47.115448	2.39263	2.326147	0.722396	778.970951
CGTCG	47.767523	2.43174	2.297089	0.708902	1466.193306
CGTCT	47.64604	2.375794	2.278252	0.7002	1146.659509
CGTGA	53.043354	2.485127	2.205634	0.66699	1220.609226
CGTGC	51.440066	2.119898	2.112416	0.625156	1067.049603
CGTGG	52.27063	2.484023	2.155687	0.644463	1408.206758
CGTGT	52.028811	2.235221	2.055246	0.59995	558.65951
CGTTA	48.748268	2.160057	2.272009	0.697324	1455.49064
CGTTC	47.356616	2.605527	2.243128	0.68407	1166.711998
CGTTG	48.673825	2.233309	2.147644	0.64086	1540.578056
CGTTT	48.368802	2.726792	2.130097	0.633022	1485.614785
CTAAA	72.676709	1.34884	1.492305	0.371198	491.668983
CTAAC	70.927667	0.97958	1.435433	0.350182	490.466204
CTAAG	72.553594	1.727156	1.387123	0.332653	218.27302
CTAAT	72.802076	1.249788	1.453675	0.356878	388.714095
CTACA	66.784461	1.072704	1.317207	0.307822	453.422168
CTACC	66.348351	1.587754	1.279436	0.294678	618.648432
CTACG	66.371937	1.088369	1.334743	0.31399	523.13973
CTACT	67.678877	1.887189	1.371783	0.327151	391.610286
CTAGA	73.335177	1.433947	1.659227	0.435189	28.513503
CTAGC	71.584485	1.175208	1.498314	0.373443	81.510912
CTAGG	72.418684	1.286329	1.409933	0.340892	19.341822
CTAGT	72.865905	0.902245	1.520724	0.381852	58.397398
CTATA	69.308625	1.010946	1.357431	0.32203	352.916264
CTATC	68.380678	0.846457	1.448377	0.35493	612.238684
CTATG	69.106789	1.03095	1.391102	0.334086	412.14998
CTATT	69.671426	0.929933	1.468685	0.36242	517.91294
CTCAA	68.608747	2.634719	1.605792	0.414337	820.382637
CTCAC	68.422052	2.475531	1.504046	0.375588	651.603718
CTCAG	68.258151	2.312769	1.712945	0.456493	624.426679
CTCAT	68.783325	2.524068	1.608398	0.415346	662.644309
CTCCA	64.958328	1.679682	1.468238	0.362255	650.692
CTCCC	63.998122	1.671546	1.373261	0.327679	410.027378
CTCCG	64.633135	1.645371	1.435525	0.350216	573.510582
CTCCT	64.96322	1.837659	1.480926	0.366961	449.44365
CTCGA	68.166139	2.598078	1.738213	0.466631	602.04776
CTCGC	68.401671	2.327766	1.486576	0.369063	863.1938
CTCGG	68.285783	2.563655	1.608533	0.415398	569.524334
CTCGT	68.243448	2.446625	1.645051	0.429624	429.503472
CTCTA	66.843748	1.864824	1.464185	0.360756	281.112614
CTCTC	66.154462	1.351758	1.384031	0.331542	534.68851
CTCTG	66.562777	1.518264	1.451826	0.356198	771.910353
CTCTT	66.577832	1.537098	1.443011	0.352959	896.465157
CTGAA	62.502722	1.311445	1.503775	0.375486	1870.194424
CTGAC	59.48817	0.809062	1.4625	0.360133	1614.447446
CTGAG	61.748135	1.129595	1.507074	0.376723	559.728627
CTGAT	61.29699	1.045002	1.509106	0.377485	1898.530168
CTGCA	56.246497	0.922614	1.682951	0.444556	1527.611195
CTGCC	55.004422	0.833254	1.601751	0.412774	1846.199856
CTGCG	55.972603	0.87812	1.603311	0.413377	1936.747274
CTGCT	56.232846	0.896965	1.571053	0.400964	1819.913558
CTGGA	62.409305	1.098437	1.403628	0.338608	1941.409311
CTGGC	61.5977	0.658294	1.409076	0.340582	2600.740569
CTGGG	62.069179	1.020148	1.400366	0.337429	1186.092285
CTGGT	62.714823	0.979368	1.444035	0.353335	1963.705101
CTGTA	59.879724	0.675197	1.349272	0.319131	714.447953
CTGTC	58.57583	0.913038	1.534788	0.387161	750.083051
CTGTG	59.65538	0.671178	1.340385	0.315983	770.557313
CTGTT	60.089128	0.773819	1.458559	0.358678	1580.108879
CTTAA	55.813513	1.035311	1.444697	0.353577	742.764141
CTTAC	54.886862	0.644288	1.334424	0.313877	638.886063
CTTAG	55.502281	0.830415	1.373036	0.327599	216.148984
CTTAT	55.472477	0.713597	1.337836	0.315082	723.524516
CTTCA	49.556068	0.790065	1.715771	0.457624	1437.288657
CTTCC	48.532606	0.758379	1.64515	0.429663	1278.848803
CTTCG	49.361175	0.80199	1.548128	0.39222	1212.365847
CTTCT	49.340294	0.80373	1.479524	0.36644	994.009756
CTTGA	54.835348	0.855131	1.365038	0.324741	571.304821
CTTGC	53.943919	0.63734	1.342785	0.316832	742.890147
CTTGG	54.216393	0.726489	1.375705	0.328554	293.881121
CTTGT	54.384205	0.680269	1.378131	0.329424	466.841316
CTTTA	50.470617	0.777195	1.479935	0.366592	1242.408166
CTTTC	49.075639	1.026081	1.477205	0.365578	1021.026789
CTTTG	50.199837	0.757191	1.356861	0.321827	1279.636711
CTTTT	50.155786	1.081013	1.400116	0.337338	806.435278
GAAAA	75.439913	2.159433	1.815299	0.498014	2030.643666
GAAAC	73.689141	2.757286	2.009563	0.580059	1429.227161
GAAAG	74.805834	2.161033	1.778049	0.482764	1362.850482
GAAAT	75.121173	2.362851	1.902416	0.534291	1578.450727
GAACA	67.250444	2.757286	1.975209	0.565248	1258.424266
GAACC	66.539397	2.757286	2.191479	0.66058	883.927863
GAACG	66.636617	2.757286	1.915622	0.539864	1226.667421
GAACT	68.075497	2.757286	2.109551	0.623885	911.421751
GAAGA	75.580889	2.323993	1.850061	0.512388	1523.339273
GAAGC	75.30367	2.757286	2.086492	0.613684	1456.049327
GAAGG	75.152057	2.307329	1.828697	0.503538	1060.270908
GAAGT	76.079514	2.537953	1.969508	0.562803	949.294565
GAATA	71.696273	2.757286	2.159248	0.646061	1296.145403
GAATC	71.201352	2.757286	2.347446	0.73234	906.795131
GAATG	71.722053	2.757286	2.142947	0.638758	1136.526461
GAATT	72.94115	2.757286	2.274736	0.69858	978.187203
GACAA	69.317318	1.204984	1.383092	0.331204	837.341832
GACAC	68.530089	1.119322	1.39935	0.337061	434.670027
GACAG	68.998278	1.45311	1.404746	0.339013	721.272082
GACAT	69.886355	1.088568	1.390435	0.333846	784.121366
GACCA	64.55082	0.819823	1.399755	0.337208	1062.702292
GACCC	63.663183	0.7441	1.3419	0.316519	472.998168
GACCG	64.205455	0.847315	1.420726	0.344814	1118.19322
GACCT	64.488177	0.833148	1.355932	0.321497	661.257295
GACGA	69.121634	1.274265	1.370873	0.326825	1006.954468
GACGC	67.933677	0.989712	1.431737	0.34883	1240.565707
GACGG	68.120061	1.046771	1.368846	0.3261	1010.255586
GACGT	68.273244	0.776069	1.462899	0.360281	759.758665
GACTA	66.675312	1.008979	1.352208	0.320173	337.686862
GACTC	66.37065	0.825103	1.42462	0.346233	366.240869
GACTG	66.630671	0.751093	1.406786	0.339752	628.239318
GACTT	67.070815	0.658256	1.42257	0.345486	492.185547
GAGAA	73.348616	2.173954	1.805777	0.494101	1052.391453
GAGAC	72.749878	2.757286	2.041996	0.594158	281.762297
GAGAG	73.037021	2.252497	1.915325	0.539738	489.008085
GAGAT	73.708159	2.617744	1.975014	0.565164	825.436035
GAGCA	66.443831	2.194943	1.958262	0.557989	1123.10788
GAGCC	65.692143	2.290698	1.883071	0.526162	524.782076
GAGCG	66.286041	2.243069	1.866452	0.519212	1061.027564
GAGCT	66.887173	2.307733	1.919633	0.54156	649.572008
GAGGA	72.196236	2.284379	1.799883	0.491684	558.272244
GAGGC	71.760275	2.757286	2.013089	0.581586	585.171647
GAGGG	72.12293	2.131698	1.703313	0.452649	317.830597
GAGGT	72.653978	2.003104	1.834896	0.506101	483.615946
GAGTA	69.83693	2.752847	2.035147	0.591171	551.645414
GAGTC	69.024816	2.757286	2.336052	0.727015	462.961204
GAGTG	69.794397	2.623312	2.042011	0.594164	614.645263
GAGTT	70.573383	2.757286	2.22183	0.67435	815.416557
GATAA	62.780192	1.885191	1.72131	0.459841	1796.236075
GATAC	61.31344	2.055783	1.680132	0.44344	896.998789
GATAG	62.228534	1.764428	1.656047	0.433939	665.178515
GATAT	62.33956	1.830767	1.765955	0.477847	1377.079942
GATCA	57.072598	2.215873	2.013302	0.581678	1439.427338
GATCC	55.605542	2.062264	1.94167	0.550913	1125.623703
GATCG	56.765444	2.096942	1.933919	0.547617	1531.179374
GATCT	56.552118	2.236805	1.930081	0.545988	1149.059135
GATGA	62.238033	2.379366	1.804269	0.493482	1693.548255
GATGC	61.098137	2.582018	2.092768	0.616455	1797.005985
GATGG	61.156001	2.608733	1.802178	0.492625	1377.870037
GATGT	61.450795	2.44449	1.889624	0.528911	1055.339699
GATTA	58.094766	2.757286	2.216529	0.671939	1143.79779
GATTC	56.364781	2.757286	2.352624	0.734765	1060.648008
GATTG	58.083009	2.609746	2.197966	0.663515	1244.283358
GATTT	57.972761	2.757286	2.390518	0.752588	1833.969554
GCAAA	75.005737	1.777969	1.806419	0.494364	1922.310129
GCAAC	72.933388	2.618407	2.032999	0.590235	1651.078821
GCAAG	74.618007	1.911792	1.781636	0.484226	828.887412
GCAAT	74.770564	2.183327	1.895203	0.531255	1700.641142
GCACA	70.093657	1.873892	1.753239	0.472695	867.903036
GCACC	69.679714	2.705016	1.78513	0.485651	1303.185688
GCACG	69.997149	2.106326	1.735116	0.465385	1044.388485
GCACT	71.283811	2.757286	1.868359	0.520008	847.48172
GCAGA	76.725767	1.461696	1.651955	0.432331	1460.719021
GCAGC	76.213984	2.237239	1.917676	0.540732	2241.826005
GCAGG	76.233821	1.438084	1.68246	0.444362	1784.941503
GCAGT	76.895233	1.660139	1.787748	0.48672	1319.556132
GCATA	74.137063	2.114409	1.891005	0.529491	919.615136
GCATC	73.3536	2.706	2.008609	0.579646	1820.568216
GCATG	74.012977	2.070292	1.892832	0.530258	996.270576
GCATT	74.609247	2.37166	2.023805	0.586236	1467.457006
GCCAA	72.921363	1.087763	1.41175	0.341552	1078.983415
GCCAC	72.632344	0.834582	1.512832	0.378883	1265.23396
GCCAG	72.816267	1.018626	1.393189	0.334838	2947.303257
GCCAT	73.083306	0.971146	1.492693	0.371343	1517.457709
GCCCA	70.043542	0.876894	1.42423	0.346091	886.927558
GCCCC	69.21246	0.811788	1.356479	0.321691	636.257523
GCCCG	69.834893	0.942957	1.375479	0.328474	1169.005253
GCCCT	70.012122	0.887462	1.349994	0.319387	593.001795
GCCGA	72.984203	0.959571	1.345023	0.317625	1347.488785
GCCGC	72.813262	0.803678	1.33954	0.315684	2092.345088
GCCGG	72.387458	0.899095	1.413703	0.342261	1524.874919
GCCGT	72.809603	0.901591	1.48422	0.368186	1327.687812
GCCTA	71.778366	0.876464	1.388534	0.333161	348.264551
GCCTC	71.119365	0.988285	1.457183	0.358171	545.16172
GCCTG	71.37769	0.829139	1.456021	0.357743	1844.368401
GCCTT	71.776692	0.891888	1.551799	0.393616	959.384156
GCGAA	75.775083	1.584076	1.661156	0.435948	1590.555624
GCGAC	75.462289	2.170587	1.821542	0.500585	1323.751109
GCGAG	75.297465	1.704212	1.747806	0.4705	816.472933
GCGAT	76.549649	1.72302	1.849828	0.512291	1977.446101
GCGCA	70.797826	1.604949	1.73546	0.465523	2429.506027
GCGCC	69.411495	1.698377	1.669911	0.4394	1982.95372
GCGCG	70.457283	1.656857	1.699449	0.451109	2479.23481
GCGCT	70.964967	1.639838	1.783462	0.48497	1927.636602
GCGGA	74.534435	1.441248	1.674324	0.441143	1304.445829
GCGGC	73.925221	2.55145	1.998865	0.575433	2374.304469
GCGGG	74.278532	1.483445	1.673588	0.440852	1282.013368
GCGGT	74.901452	1.583602	1.825141	0.50207	1763.469345
GCGTA	71.195417	2.754299	2.200662	0.664737	1261.716477
GCGTC	69.995857	2.757286	2.634129	0.870513	1436.853912
GCGTG	70.994037	2.757286	2.198021	0.66354	1589.936245
GCGTT	71.633807	2.757286	2.420057	0.766581	1941.481858
GCTAA	67.904689	1.677009	1.574086	0.402126	746.107786
GCTAC	67.302819	2.511028	1.671211	0.439913	711.23272
GCTAG	68.108155	1.93636	1.685224	0.445457	86.326835
GCTAT	67.543643	1.954603	1.632471	0.424705	778.684786
GCTCA	63.327883	2.023436	1.820163	0.500017	977.225678
GCTCC	62.030436	2.069641	1.88092	0.525261	694.142169
GCTCG	63.131663	1.927043	1.777968	0.482731	897.076362
GCTCT	62.757111	2.036119	1.77292	0.480677	705.863604
GCTGA	66.56965	2.510944	1.913981	0.53917	2158.621574
GCTGC	64.964068	2.757286	2.201894	0.665295	2517.263282
GCTGG	66.159325	2.492256	1.853027	0.51362	3210.94534
GCTGT	65.772579	2.581219	2.005516	0.578307	1436.350452
GCTTA	62.967126	2.757286	2.301806	0.711087	927.646535
GCTTC	61.232745	2.757286	2.63577	0.871326	1321.206051
GCTTG	63.06371	2.757286	2.175852	0.653527	831.103367
GCTTT	62.130793	2.757286	2.56804	0.837958	1851.859133
GGAAA	84.435159	2.757286	2.31197	0.715802	1600.383126
GGAAC	81.938208	2.757286	2.258445	0.691089	1145.558795
GGAAG	83.809887	2.757286	2.322207	0.720561	1399.703903
GGAAT	84.43333	2.757286	2.383616	0.749332	1090.13461
GGACA	71.255527	2.757286	1.765157	0.477523	478.563419
GGACC	69.280282	2.757286	1.820111	0.499996	309.623274
GGACG	70.788492	2.757286	1.811874	0.496605	639.297944
GGACT	71.219448	2.757286	1.865529	0.518827	344.063894
GGAGA	83.084346	2.757286	2.392363	0.75346	751.937879
GGAGC	81.041301	2.757286	2.364374	0.740276	760.254305
GGAGG	82.397975	2.757286	2.265109	0.69415	417.28466
GGAGT	83.26931	2.757286	2.355323	0.736029	577.86809
GGATA	77.472772	2.757286	2.255192	0.689596	992.217634
GGATC	77.486944	2.757286	2.487348	0.798775	1019.827354
GGATG	77.37715	2.757286	2.256756	0.690313	1233.264618
GGATT	79.120656	2.757286	2.532096	0.820427	1141.186587
GGCAA	78.463945	2.757286	2.161837	0.647223	2032.175018
GGCAC	77.341742	2.757286	2.139639	0.63728	1206.635823
GGCAG	77.379276	2.757286	2.119981	0.628518	1771.347718
GGCAT	78.326	2.757286	2.169646	0.650733	1578.137279
GGCCA	72.15586	2.757286	1.762861	0.476592	768.657669
GGCCC	70.629192	2.757286	1.705537	0.453535	523.787299
GGCCG	71.839068	2.757286	1.715745	0.457613	721.720168
GGCCT	71.574578	2.757286	1.806475	0.494388	739.560372
GGCGA	78.025599	2.757286	2.159859	0.646335	2081.081867
GGCGC	77.036055	2.757286	2.136787	0.636006	2281.649181
GGCGG	76.699889	2.757286	2.088682	0.61465	2189.387896
GGCGT	77.279197	2.757286	2.176233	0.653699	2062.973008
GGCTA	75.615342	2.622561	1.933759	0.547549	709.75421
GGCTC	74.526169	2.757286	1.97116	0.563511	586.352869
GGCTG	74.901104	2.639815	1.991105	0.572085	1996.762564
GGCTT	75.4979	2.757286	2.104935	0.621839	1411.697253
GGGAA	75.05707	2.757286	2.053185	0.599048	872.188186
GGGAC	74.260346	2.368368	2.019864	0.584524	316.331256
GGGAG	74.963125	2.757286	2.04244	0.594352	382.716218
GGGAT	74.77442	2.757286	2.101497	0.620315	899.38724
GGGCA	64.944358	2.757286	1.930906	0.546338	802.995581
GGGCC	63.633836	2.757286	1.89942	0.533029	379.972057
GGGCG	64.930998	2.757286	1.917678	0.540733	1048.56271
GGGCT	66.033971	2.757286	1.954629	0.556437	569.149914
GGGGA	72.355319	2.757286	1.917654	0.540723	504.745541
GGGGC	71.454021	2.732117	1.946802	0.553098	691.468562
GGGGG	73.734426	2.757286	1.969608	0.562846	328.615372
GGGGT	74.243174	2.607624	2.149197	0.641555	446.734754
GGGTA	68.944376	2.757286	2.040318	0.593426	657.920787
GGGTC	68.386776	2.757286	2.185784	0.658007	371.609488
GGGTG	68.314891	2.757286	2.164141	0.648258	705.097468
GGGTT	71.634053	2.757286	2.306279	0.71316	591.664129
GGTAA	59.31111	2.757286	2.011133	0.580739	1360.044402
GGTAC	57.89296	2.757286	1.83532	0.506276	723.494964
GGTAG	58.817508	2.757286	1.925037	0.543849	622.992656
GGTAT	59.154927	2.757286	1.944574	0.552149	1012.655385
GGTCA	52.819797	2.757286	2.038783	0.592756	1344.561794
GGTCC	51.250346	2.757286	2.042424	0.594345	385.455622
GGTCG	52.982957	2.757286	2.146467	0.640333	1147.884214
GGTCT	52.425617	2.757286	2.002145	0.57685	617.421641
GGTGA	59.097169	2.757286	1.888266	0.528341	1530.923847
GGTGC	59.403864	2.757286	1.980291	0.567431	1372.12752
GGTGG	57.901511	2.757286	1.863065	0.517799	1267.253901
GGTGT	58.750821	2.757286	1.87328	0.522064	932.499794
GGTTA	55.163138	2.757286	2.059388	0.601765	1068.1918
GGTTC	54.188082	2.757286	2.397197	0.755745	785.604438
GGTTG	54.727404	2.757286	1.990221	0.571704	1121.040153
GGTTT	56.149937	2.757286	2.362046	0.739183	1374.155993
GTAAA	66.928461	2.164826	1.820564	0.500182	1408.456784
GTAAC	66.446473	1.868051	1.538348	0.388509	844.896541
GTAAG	66.950417	2.393255	1.824189	0.501677	630.978241
GTAAT	67.180353	2.047605	1.759146	0.475086	1165.621081
GTACA	61.97289	1.712189	1.646739	0.430286	641.058552
GTACC	61.34856	1.78567	1.500875	0.374401	855.418668
GTACG	61.805094	1.685753	1.565621	0.398887	796.468796
GTACT	62.08873	1.924128	1.599907	0.412061	640.103162
GTAGA	66.287913	2.37457	1.870381	0.520852	508.974028
GTAGC	66.4099	2.24163	1.666347	0.437994	751.845965
GTAGG	65.675062	2.331883	1.780449	0.483742	349.192364
GTAGT	66.796721	2.236491	1.843759	0.509772	449.596803
GTATA	63.938938	1.967906	1.582092	0.405198	335.333988
GTATC	64.079376	1.512407	1.552342	0.393823	890.666315
GTATG	64.220356	1.620066	1.601497	0.412675	568.644001
GTATT	64.975179	1.504271	1.621989	0.420621	1098.336734
GTCAA	61.187784	2.757286	2.298585	0.709595	841.710086
GTCAC	60.667467	2.757286	2.036783	0.591884	1050.666779
GTCAG	60.36581	2.757286	2.230666	0.678377	1581.149076
GTCAT	61.134598	2.757286	2.202435	0.66554	1247.593796
GTCCA	57.41606	2.757286	2.033884	0.590621	674.033343
GTCCC	56.768062	2.757286	1.853595	0.513856	348.358083
GTCCG	57.154097	2.757286	1.970329	0.563155	745.746117
GTCCT	57.118198	2.757286	1.938989	0.549772	363.375613
GTCGA	60.158694	2.757286	2.128932	0.632502	1052.368201
GTCGC	60.17259	2.757286	2.079915	0.610785	1549.35094
GTCGG	59.517305	2.757286	2.156012	0.644609	1069.736796
GTCGT	60.46476	2.757286	2.250606	0.687494	1026.193824
GTCTA	59.154037	2.744919	2.056673	0.600575	282.711229
GTCTC	58.229366	2.595998	1.900694	0.533566	371.109795
GTCTG	58.314908	2.757286	1.910493	0.537697	1622.031506
GTCTT	58.240305	2.698523	1.892432	0.53009	674.580991
GTGAA	60.456031	1.78356	1.759808	0.475354	1323.602886
GTGAC	59.097536	1.902454	1.524512	0.38328	774.343192
GTGAG	59.907931	1.845503	1.751317	0.471918	573.354856
GTGAT	60.230886	1.827896	1.72978	0.46324	1314.186723
GTGCA	55.181519	1.74937	1.734149	0.464996	774.779172
GTGCC	54.513171	1.735307	1.598935	0.411686	1021.890706
GTGCG	54.956338	1.736669	1.667928	0.438617	1042.171628
GTGCT	55.419216	1.840743	1.650533	0.431773	927.508045
GTGGA	59.915326	1.811168	1.690736	0.447644	887.966828
GTGGC	59.825836	1.738037	1.553813	0.394383	1352.223632
GTGGG	59.533789	1.554098	1.549629	0.39279	667.501924
GTGGT	60.519562	1.666254	1.599976	0.412088	1335.83027
GTGTA	58.470717	1.26261	1.517369	0.380589	410.318791
GTGTC	57.173816	2.096472	1.557974	0.395968	460.898394
GTGTG	57.965554	1.515001	1.494149	0.371886	537.903454
GTGTT	58.341101	1.793984	1.578034	0.40364	784.492606
GTTAA	53.76664	1.549004	1.598001	0.411325	1137.66134
GTTAC	53.115804	1.629785	1.547046	0.391809	862.618726
GTTAG	53.483435	1.511099	1.686672	0.446031	409.208233
GTTAT	53.508237	1.606303	1.60964	0.415827	1103.521819
GTTCA	48.434833	1.319803	1.569027	0.400189	1293.261046
GTTCC	47.479298	1.338613	1.456481	0.357913	972.290553
GTTCG	48.281369	1.362513	1.593031	0.409408	897.518087
GTTCT	48.215486	1.39015	1.49617	0.372641	851.638461
GTTGA	52.851229	1.578977	1.496768	0.372865	1147.514003
GTTGC	52.420166	1.503636	1.526599	0.384067	1363.932023
GTTGG	52.340514	1.867997	1.457218	0.358184	862.867599
GTTGT	52.629283	1.777357	1.458401	0.35862	924.430457
GTTTA	49.473299	1.354953	1.415288	0.342836	1093.799171
GTTTC	48.453444	1.586339	1.479064	0.366269	1096.978161
GTTTG	49.278712	1.312335	1.437876	0.351076	1373.571818
GTTTT	49.359559	1.815239	1.475724	0.365029	1483.611976
TAAAA	72.13604	0.822685	1.440928	0.352195	1190.9912
TAAAC	69.957755	0.759853	1.430913	0.348529	1104.090965
TAAAG	71.385955	0.707966	1.389383	0.333467	950.668976
TAAAT	71.501939	0.799383	1.40782	0.340126	1162.713465
TAACA	65.514723	1.00553	1.433184	0.34936	796.37845
TAACC	64.524525	1.13	1.430965	0.348548	1035.893864
TAACG	65.192515	0.907434	1.372847	0.327531	1200.613093
TAACT	65.584615	0.931947	1.452092	0.356296	574.405838
TAAGA	73.192365	1.028122	1.353648	0.320685	498.503579
TAAGC	72.388854	0.880968	1.394691	0.33538	789.245372
TAAGG	72.548836	0.885705	1.521006	0.381958	517.361674
TAAGT	73.261739	0.852835	1.391109	0.334088	447.974432
TAATA	70.094014	1.002428	1.451394	0.356039	795.39451
TAATC	69.731628	1.144618	1.638168	0.426931	1085.952045
TAATG	69.912803	1.056647	1.516893	0.38041	1156.459764
TAATT	70.854016	0.987369	1.587393	0.407236	910.30154
TACAA	71.355909	1.944897	1.400015	0.337302	592.763509
TACAC	71.062265	1.233399	1.362833	0.323954	479.344248
TACAG	70.808639	1.562097	1.490481	0.370518	806.075376
TACAT	71.024352	1.624285	1.383297	0.331278	516.031913
TACCA	67.118016	0.961953	1.241111	0.281537	977.233353
TACCC	66.383873	0.833338	1.207325	0.270119	690.484571
TACCG	66.844442	0.897642	1.228219	0.277162	1414.850877
TACCT	67.002911	0.859755	1.224748	0.275988	654.164388
TACGA	70.887967	1.632099	1.390052	0.333708	527.458709
TACGC	70.711342	1.165794	1.31105	0.305667	1118.094688
TACGG	70.320792	1.540629	1.358573	0.322436	814.726066
TACGT	70.568042	1.518976	1.406967	0.339817	530.762625
TACTA	69.466303	1.179887	1.284114	0.296295	296.327615
TACTC	68.795132	1.020618	1.284352	0.296378	474.616666
TACTG	68.854787	1.149159	1.312123	0.306042	1103.961757
TACTT	69.429281	1.159396	1.328976	0.311957	615.367882
TAGAA	71.414423	0.983078	1.684423	0.445139	356.543394
TAGAC	69.580747	0.814234	1.588805	0.40778	172.11306
TAGAG	70.719965	1.033877	1.414137	0.342418	292.16631
TAGAT	70.932845	0.863477	1.593001	0.409396	335.141881
TAGCA	65.719262	0.874915	1.47939	0.36639	441.455818
TAGCC	64.742848	1.025693	1.478592	0.366093	633.148542
TAGCG	65.494277	0.998444	1.475444	0.364925	800.797282
TAGCT	65.912721	0.869896	1.450732	0.355795	367.940293
TAGGA	71.092737	0.944982	1.370461	0.326678	104.851651
TAGGC	70.14788	0.881647	1.485016	0.368482	337.137748
TAGGG	70.821305	0.869887	1.397352	0.33634	167.196159
TAGGT	71.201821	0.814144	1.460696	0.359467	237.867308
TAGTA	69.254866	0.915557	1.527112	0.384261	234.849846
TAGTC	68.259727	1.378224	1.717678	0.458387	266.242137
TAGTG	69.066043	0.98606	1.583609	0.405781	406.397734
TAGTT	69.628609	1.092704	1.649885	0.431519	360.997221
TATAA	65.146049	0.919723	1.410575	0.341125	546.644743
TATAC	64.190465	1.388139	1.378111	0.329417	380.125045
TATAG	64.886638	1.013599	1.479529	0.366441	303.119433
TATAT	64.889472	1.125307	1.443181	0.353021	515.679967
TATCA	59.654158	1.33588	1.605974	0.414407	1331.933018
TATCC	58.387517	1.274902	1.513375	0.379087	922.62423
TATCG	59.465476	1.365975	1.531889	0.386065	1604.724145
TATCT	59.272608	1.307771	1.51767	0.380702	866.338419
TATGA	64.242474	1.37628	1.450263	0.355623	657.439552
TATGC	62.566212	1.698422	1.669352	0.439179	916.927624
TATGG	63.704483	1.483494	1.474606	0.364614	732.94435
TATGT	63.548396	1.457278	1.551944	0.393671	531.274602
TATTA	60.456477	1.839029	1.660953	0.435869	878.520016
TATTC	58.78229	2.043815	1.873514	0.522162	1298.719694
TATTG	60.164506	1.823654	1.702834	0.452458	1333.170027
TATTT	60.128748	1.870189	1.830714	0.504371	1424.569359
TCAAA	72.329021	0.896609	1.417446	0.343621	927.325656
TCAAC	70.222136	0.948155	1.469414	0.36269	1543.931886
TCAAG	71.686726	1.020211	1.53351	0.386678	404.714833
TCAAT	71.903222	0.902086	1.459502	0.359026	1273.986266
TCACA	68.450987	0.922806	1.36383	0.32431	678.470873
TCACC	67.28791	0.81932	1.381801	0.330741	1634.582835
TCACG	68.181322	0.871431	1.377378	0.329154	1046.40034
TCACT	68.298527	0.948676	1.452132	0.356311	804.770892
TCAGA	73.915424	1.300951	1.450269	0.355625	896.837511
TCAGC	72.923094	1.285503	1.483456	0.367902	2228.980754
TCAGG	73.528237	1.140828	1.417467	0.343628	1497.27852
TCAGT	73.888443	1.349755	1.500648	0.374315	1105.262186
TCATA	72.028251	1.10291	1.514707	0.379588	726.857711
TCATC	71.505786	1.130964	1.483386	0.367875	1867.733486
TCATG	71.809705	1.186288	1.426508	0.346921	1011.089408
TCATT	72.36602	1.300834	1.5517	0.393578	1275.814473
TCCAA	70.763612	2.269403	1.597613	0.411175	265.588559
TCCAC	70.440512	2.036172	1.512078	0.3786	740.626478
TCCAG	70.516942	2.08259	1.571144	0.400999	1996.91757
TCCAT	70.650393	2.017356	1.632707	0.424798	863.642248
TCCCA	67.884459	1.663624	1.45183	0.3562	623.468954
TCCCC	67.279953	1.424051	1.357296	0.321982	680.293742
TCCCG	67.596618	1.485566	1.36291	0.323981	966.109375
TCCCT	67.830668	1.728424	1.378331	0.329496	537.20532
TCCGA	70.473467	2.380913	1.631964	0.424508	465.366256
TCCGC	70.543941	2.074543	1.491705	0.370974	1206.595123
TCCGG	70.22834	2.231931	1.62288	0.420968	1670.219762
TCCGT	70.583554	2.141077	1.662678	0.436548	721.44565
TCCTA	69.762584	1.947473	1.359755	0.322857	100.193896
TCCTC	69.215917	1.422474	1.412026	0.341652	568.25482
TCCTG	69.371482	1.679855	1.570799	0.400867	1377.303886
TCCTT	69.654293	1.802477	1.52231	0.38245	655.651332
TCGAA	72.617932	1.75509	1.535647	0.387487	937.857267
TCGAC	71.988263	0.965785	1.334861	0.314032	921.092973
TCGAG	72.177178	1.650728	1.470341	0.363033	625.946743
TCGAT	72.510301	1.661442	1.559727	0.396636	1181.093939
TCGCA	68.289709	1.067494	1.41151	0.341464	955.238023
TCGCC	67.709532	0.949746	1.327902	0.311579	2228.43006
TCGCG	68.233771	1.08745	1.347769	0.318598	1638.806947
TCGCT	68.639423	1.096426	1.331476	0.312838	1422.186055
TCGGA	71.740553	1.653434	1.483224	0.367815	446.482367
TCGGC	71.240612	1.542247	1.599213	0.411793	1702.256338
TCGGG	71.653178	1.469409	1.461478	0.359756	636.487702
TCGGT	72.199478	1.46278	1.536957	0.387983	1215.63133
TCGTA	69.98019	1.304541	1.544889	0.39099	559.543534
TCGTC	69.086687	1.335636	1.691424	0.447918	1055.533029
TCGTG	69.847827	1.310792	1.691762	0.448052	763.070993
TCGTT	70.328719	1.383172	1.694386	0.449095	1079.558043
TCTAA	66.864948	1.090689	1.287997	0.29764	274.992013
TCTAC	65.720147	0.730318	1.330242	0.312403	438.853895
TCTAG	66.723056	1.023765	1.294695	0.299965	20.805792
TCTAT	66.515751	1.013103	1.323242	0.309941	468.227576
TCTCA	62.596749	0.898372	1.33054	0.312508	543.975047
TCTCC	61.698438	0.831141	1.32004	0.308816	645.944103
TCTCG	62.381335	0.867725	1.455296	0.357476	612.171857
TCTCT	62.294744	0.873376	1.317331	0.307866	746.620587
TCTGA	65.312792	1.032275	1.341151	0.316254	978.492225
TCTGC	63.757043	1.333827	1.567748	0.3997	1713.848598
TCTGG	64.781349	1.031048	1.30531	0.303662	1706.314021
TCTGT	64.545161	1.057211	1.348905	0.319001	772.082242
TCTTA	62.175279	1.396841	1.547219	0.391875	500.488966
TCTTC	60.813679	1.678118	1.712818	0.456443	1417.059849
TCTTG	62.147538	1.304959	1.480946	0.366968	510.818999
TCTTT	61.906345	1.46339	1.646432	0.430165	1368.102736
TGAAA	78.407902	2.757286	2.332115	0.725177	1830.714118
TGAAC	76.059067	2.473061	2.112045	0.624992	1380.212542
TGAAG	77.628034	2.757286	2.283794	0.702756	1412.879104
TGAAT	78.309564	2.750544	2.35354	0.735194	1315.133783
TGACA	67.257284	1.828639	1.561255	0.397219	714.220394
TGACC	66.640328	1.601966	1.70424	0.453018	1324.682633
TGACG	66.803303	1.783837	1.574732	0.402374	1254.707591
TGACT	68.22504	1.678038	1.626767	0.422481	596.83392
TGAGA	76.987343	2.757286	2.503488	0.806562	579.593782
TGAGC	74.860637	2.453676	2.139859	0.637378	1027.368909
TGAGG	76.234109	2.757286	2.217155	0.672224	456.66123
TGAGT	77.034831	2.560447	2.319641	0.719367	666.855743
TGATA	71.733739	2.252537	2.035613	0.591374	1234.741968
TGATC	71.411209	2.094829	2.001728	0.57667	1430.361098
TGATG	71.603811	2.268902	2.034574	0.590921	2303.946503
TGATT	73.028733	2.370508	2.157281	0.645178	1808.728609
TGCAA	74.715887	2.757286	2.475169	0.792915	1152.776997
TGCAC	73.906019	2.757286	2.424097	0.768501	846.249462
TGCAG	71.959744	2.757286	2.60053	0.85391	1369.372215
TGCAT	74.177168	2.757286	2.492376	0.801198	1003.9638
TGCCA	67.718169	2.757286	2.085075	0.613059	1842.554749
TGCCC	66.839904	2.757286	2.032353	0.589954	941.60526
TGCCG	67.424028	2.757286	2.057527	0.600949	2515.620066
TGCCT	67.520016	2.757286	2.059452	0.601793	1067.682546
TGCGA	71.414425	2.757286	2.583866	0.845716	720.996121
TGCGC	72.836434	2.757286	2.376104	0.745792	2320.093556
TGCGG	71.679181	2.757286	2.461463	0.786338	1465.131046
TGCGT	73.446441	2.757286	2.467366	0.789169	1220.445712
TGCTA	71.642562	2.757286	2.188674	0.659312	427.303933
TGCTC	70.933036	2.757286	2.211027	0.669438	1180.82778
TGCTG	71.114786	2.757286	2.256007	0.68997	3025.421013
TGCTT	71.490798	2.757286	2.410136	0.761872	1170.037575
TGGAA	70.654878	2.017719	1.848122	0.511582	1494.884045
TGGAC	67.859294	1.325903	1.638218	0.42695	609.991748
TGGAG	69.942182	1.86125	1.781848	0.484312	792.06616
TGGAT	69.943037	1.678266	1.753993	0.473	1384.261155
TGGCA	63.056488	1.198748	1.591693	0.408892	1615.143533
TGGCC	61.84607	1.055336	1.528554	0.384805	783.061982
TGGCG	62.758982	1.193818	1.604452	0.413818	2588.010263
TGGCT	63.522153	1.12888	1.564764	0.398559	1278.032266
TGGGA	69.105829	1.64177	1.728509	0.462729	623.173169
TGGGC	66.668822	1.159629	1.723219	0.460607	976.648633
TGGGG	68.260137	1.591304	1.611179	0.416423	654.37524
TGGGT	69.085513	1.438112	1.738312	0.466671	744.140537
TGGTA	67.044015	1.227724	1.699289	0.451046	1015.268291
TGGTC	65.678844	1.266343	1.881571	0.525533	1117.27794
TGGTG	66.690325	1.265897	1.75682	0.474144	2127.105606
TGGTT	67.498245	1.440337	1.885517	0.527188	1493.788997
TGTAA	56.808029	1.294375	1.52199	0.382329	638.945164
TGTAC	55.728525	1.25852	1.549459	0.392726	590.5609
TGTAG	56.409312	1.230025	1.553776	0.394368	443.614852
TGTAT	56.362773	1.12373	1.558211	0.396058	597.015705
TGTCA	50.011474	1.331174	1.717206	0.458198	919.851234
TGTCC	49.006862	1.528795	1.733886	0.46489	519.261629
TGTCG	49.779964	1.365892	1.837779	0.507294	1213.360875
TGTCT	49.759803	1.421951	1.747066	0.470201	647.290317
TGTGA	56.19065	1.382663	1.518229	0.380913	663.782843
TGTGC	54.418715	1.249766	1.613205	0.417209	756.69625
TGTGG	55.136998	1.414136	1.638115	0.42691	966.996505
TGTGT	55.13239	1.180516	1.511241	0.378286	406.288689
TGTTA	51.46522	1.343328	1.569492	0.400367	764.304472
TGTTC	50.432102	1.772366	1.795998	0.490093	1197.989497
TGTTG	51.229586	1.343762	1.553277	0.394178	1288.224612
TGTTT	51.545627	1.700142	1.745452	0.469549	1249.112086
TTAAA	67.118907	2.386261	1.90022	0.533366	1404.722464
TTAAC	67.528367	1.489684	1.590057	0.408262	1245.548456
TTAAG	67.600612	2.551868	1.864531	0.518411	776.497252
TTAAT	67.749794	2.408061	1.799405	0.491488	1306.298202
TTACA	62.807234	1.822972	1.563684	0.398147	801.593668
TTACC	62.275159	1.606771	1.536939	0.387976	1626.038167
TTACG	62.771439	1.811268	1.571715	0.401218	1248.611255
TTACT	62.925088	1.810836	1.668387	0.438798	963.804412
TTAGA	67.181646	2.548219	1.958151	0.557942	245.436799
TTAGC	67.726314	1.940925	1.766968	0.478258	732.669156
TTAGG	67.241019	2.333649	1.840097	0.508254	226.794126
TTAGT	67.705563	2.757286	1.882446	0.5259	314.875668
TTATA	64.857052	2.371211	1.705297	0.45344	512.671605
TTATC	65.040779	1.618954	1.592105	0.409051	1856.282501
TTATG	65.140868	1.87564	1.624964	0.421779	1028.907134
TTATT	65.69767	1.879415	1.676491	0.441999	1662.77559
TTCAA	62.553798	2.757286	2.157215	0.645148	1331.900779
TTCAC	61.986793	2.757286	2.087053	0.613931	1461.634901
TTCAG	61.859421	2.757286	2.175274	0.653266	2048.929388
TTCAT	62.533672	2.757286	2.152382	0.642982	1585.876963
TTCCA	58.938856	2.757286	2.003096	0.577261	1586.581665
TTCCC	58.393654	2.757286	1.832326	0.505038	1076.709998
TTCCG	58.517637	2.757286	1.927965	0.54509	1627.647617
TTCCT	58.813921	2.757286	1.887583	0.528054	1153.948353
TTCGA	61.771608	2.757286	2.206827	0.667532	938.07081
TTCGC	61.739854	2.757286	2.180206	0.65549	1900.985012
TTCGG	61.250817	2.757286	2.285827	0.703695	1107.444647
TTCGT	62.066377	2.757286	2.154163	0.64378	1069.115896
TTCTA	60.207487	2.757286	1.946413	0.552932	381.251296
TTCTC	59.838242	2.757286	1.837901	0.507344	900.55216
TTCTG	59.728715	2.757286	1.854671	0.514304	1698.035783
TTCTT	60.376611	2.757286	1.85822	0.515781	1286.70372
TTGAA	60.484074	1.703448	1.600369	0.412239	1200.316032
TTGAC	58.8227	0.991476	1.365339	0.324848	752.470016
TTGAG	60.13875	1.533532	1.56439	0.398416	876.050441
TTGAT	59.922365	1.302775	1.499507	0.373888	1691.137978
TTGCA	55.310849	1.04626	1.545131	0.391082	995.918835
TTGCC	54.616353	0.848813	1.329866	0.312271	1455.043605
TTGCG	55.29448	1.075886	1.525815	0.383771	1286.984981
TTGCT	55.459765	1.012117	1.456274	0.357836	1311.567172
TTGGA	60.106379	1.772159	1.582554	0.405375	322.022181
TTGGC	60.045568	1.302986	1.400222	0.337377	1162.114838
TTGGG	60.091365	1.689563	1.461569	0.359789	515.055725
TTGGT	60.582902	1.583648	1.487865	0.369543	1162.295938
TTGTA	58.614474	1.252444	1.452456	0.35643	612.497387
TTGTC	57.976769	0.993735	1.360354	0.323071	923.562282
TTGTG	58.55726	1.096059	1.341593	0.31641	778.478999
TTGTT	58.995281	1.202115	1.392954	0.334753	1399.66205
TTTAA	54.53324	1.343809	1.418945	0.344166	1367.741946
TTTAC	53.99425	0.895364	1.271393	0.291903	1426.490626
TTTAG	54.392383	1.342696	1.691946	0.448125	542.492762
TTTAT	54.329232	1.065884	1.360435	0.323099	1788.615149
TTTCA	49.235505	0.738114	1.409788	0.34084	1216.694907
TTTCC	48.2517	0.641824	1.237461	0.280296	1135.26523
TTTCG	49.144058	0.740077	1.348746	0.318944	957.88654
TTTCT	49.015166	0.654792	1.374278	0.328043	963.591855
TTTGA	53.880017	1.026587	1.315287	0.30715	1101.313163
TTTGC	53.342415	0.722223	1.205515	0.269512	1817.395748
TTTGG	53.417786	0.983547	1.23656	0.27999	902.550512
TTTGT	53.55954	0.860477	1.225697	0.276308	1233.52734
TTTTA	50.341603	0.635854	1.185761	0.262915	996.923633
TTTTC	48.956645	0.66081	1.240029	0.281169	1512.115233
TTTTG	50.308622	0.872105	1.159279	0.254156	1254.908862
TTTTT	49.910038	0.699837	1.191709	0.264896	1663.168042
